"id","profileName","text","date","title","rating","images","helpful","variant:color","variant:size"
"R2V1S6MQGZ35VO","savedbygrace","Iâ€™ve had the Ring Battery Doorbell for a few months now, and it has completely transformed the way I secure and monitor my home. As someone who values both convenience and safety, this doorbell has been a game-changer in terms of functionality, ease of use, and peace of mind.First, the installation was incredibly straightforward. I was able to set it up myself in about 20 minutes, thanks to the clear instructions and the fact that it's wire-free. The battery lasts surprisingly long too, even with regular motion detection and video use. Iâ€™ve only had to recharge it a couple of times, and the process is quick and easy.The video quality is excellentâ€”crystal clear even in low light, which is essential for those early morning or late-night deliveries. The wide-angle lens gives a clear view of whoâ€™s at the door, and the motion detection feature is spot-on. I get instant alerts on my phone whenever someone is approaching, and I love that I can see and speak to visitors directly through the app. Whether Iâ€™m at home or out running errands, I can easily communicate with delivery people or guests, which is great for convenience and security.Another feature I love is the two-way audio. The sound quality is surprisingly clear on both ends, and Iâ€™ve been able to have full conversations with delivery drivers, neighbors, and even the occasional solicitor. The built-in siren also offers an added layer of securityâ€”if I ever feel unsafe, I can sound it directly from the app.The Ring app itself is intuitive and user-friendly, with everything you need in one place. You can review video clips, adjust settings, and even link it with other smart devices for an integrated security system. Itâ€™s so easy to use, even for someone who isnâ€™t particularly tech-savvy.In summary, the Ring Battery Doorbell has exceeded my expectations. Itâ€™s reliable, easy to install, and provides real-time alerts that help keep my home secure. The video quality and two-way communication make it stand out among other doorbell cameras, and I feel much more confident knowing I can monitor my doorstep from anywhere. If you're looking for a high-quality, user-friendly doorbell camera that doesnâ€™t require complicated wiring, this is definitely worth the investment!","Reviewed in the United States on December 8, 2024","100% worth the peace of mind","5.0 out of 5 stars","","4","Venetian Bronze","1 Doorbell"
"R3RCIWF4E35TK","Cat","The picture quality is very clear.  The battery life is very good.  Itâ€™s Vernice to have the security of knowing who is at the door- and to be able to speak without having to open the door.  The price is good- I bought it on sale.  The design is sleek and attractive. I had a older version I chose to update- it was 6 years old and still working!","Reviewed in the United States on December 6, 2024","So easy to use!","5.0 out of 5 stars","","9","Satin Nickel","1 Doorbell"
"R2928F417PBRGU","FrannyTW","First 2 days review:This product has great camera quality and because of the fish lens eliminates blind spots, even when placed at an angle.The Battery life is great considering I have it set to highly motion sensitivity, and it only loses 1-2%, at most 3% of battery per day.If you donâ€™t buy the extra adhesive place holder for this product, which I didnâ€™t, you need a drill capable of drilling 4 holes through the surface youâ€™d like to place it on. I marked a sharpee line on the drill bit just how far the wall plug goes so I knew how deep to drill. There is a tutorial for this on the app as well.Charging takes about an hour or 2 it seems so whenever Iâ€™m at home about once a month I can give it a charge, maybe less frequently than that considering its strong battery life.The ring app works smoothly and the lag is only about one second. Video and Audio quality are definitely a plus.A price of $50 and change per camera seems a fair deal in exchange for the additional layer of security. Especially with an upcoming holiday season.Iâ€™ll update this review when I learn about the subscription services and what it entails.","Reviewed in the United States on December 5, 2024","Great Video Quality and Battery Life","5.0 out of 5 stars","","41","Satin Nickel","1 Doorbell"
"R1UFQRWIKTYDOQ","Cora Mercy","Bought this and haven't put it outside yet, but we had it on the counter to test it out in the meantime. Charged it once and it's been over a month of constant use and it still hasn't died yet. It was super easy to create an account for myself and my roommate. It picked up on the cats walking across the room multiple times a day. I'd say it's the best sensitivity of any doorbell cameras I've had experience with. The video quality is good and the sound quality was way better than expected. I talked to the cats and they could tell it was me and where the sound was coming from. I talked to my roommate through it and we could understand each other easily.The free trial ran out, but the plans aren't expensive. The most basic one still gives all the great functions and is only $5/mo. Once we get it mounted outside I'll likely subscribe.","Reviewed in the United States on November 30, 2024","Best quality for the money","5.0 out of 5 stars","","55","Venetian Bronze","1 Doorbell"
"R2BM6KD5Y8IA1X","Eric B","To start, buy the wired unit that comes with a rechargeable battery if you have an existing doorbell. Yes the 10 to 24 volt from your doorbell transformer will keep the battery charged. Yes the Ring doorbell will activate your existing doorbell chime so do not buy a separate chime. Donâ€™t panic when you first wire it to existing doorbell wires. Part of the install process is for th Ring doorbell to look for an existing chime and initialize or whatever it does to know it is there. Putting this in my review as I had a hard time finding this info on the vendor sites or any reviews.Setup is easy. The hardest part for my install was getting the mounting plate to be flat enough for the Ring doorbell to click into this mount. I have a stucco wall which creates flex in the mounting plate when attached. To get it to click I had to remove one of four screws and loosing others so that I could get my fingers on the back of the mounting plate to be able to get it flat to click to the doorbell. The mounting plate is plastic and easily flexes which will not allow the security snap to click into a locked position. Then to get the doorbell to not move, I added a shim behind.Installed the doorbell is a bit clunky looking but video is good and works well taking video in the dark.Hope this helps others.","Reviewed in the United States on December 8, 2024","Here is info hard to find","4.0 out of 5 stars","https://m.media-amazon.com/images/I/81cvusQ5iZL.jpg","47","Venetian Bronze","1 Doorbell"
"R3KVFRFBKY94WO","Walt Tydings","I'm an electrician and I'll admit,I was skeptical on Ring products. I had a doorcam in place but it failed after a power outage. Well,Ring REALLY kicked up their quality and set up. PLUS the available accessories made my install so much easier. Picture quality is awesome but the software,app and set up was a breeze. No QR codes to scan,or endless complex instructions, enter password for Wi-Fi and you are done! Very easy to set my custom settings. 5 star for sure!","Reviewed in the United States on December 7, 2024","Quality product","5.0 out of 5 stars","","19","Satin Nickel","1 Doorbell"
"R3NVF8DV29QDBL","K. A.","The device itself worked great (5 stars) until it croaked after I connected a solar charger to it. It started charging perfectly (blue ring lighted and blinking).The next day I realised that there weren't any notifications, and when I checked, it was ""offline"".No response from the bell button.....it was dead.I removed it and plugged in the regular charger........nothing.....(yes, the charger is good.......the same one that was used to full-charge it when I got it).That's it for me and RING. I'm gone.If you opt for a solar charger, use one from RING themselves. Connecting anything else is at your own risk (and probable expense).Shalom.Update (Edit).So.......Ring reached out to me concerning my review. Phone calls, emails, ect.I explained the situation described above, and they promised to send me a new door bell, which they did.When I was about to set up the new one I noticed that the old (dead) one was showing full-charge on the app. I tried a reset (held both the orange And the bell buttons down simultaneously) and it came on. It came on and worked perfectly. I reinstalled it to its mount, and it's been going well ever since (approx a month).The new (unopened) one? I promised the rep to ship it back to them. They ""can't provide a shipping label"" which they initially promised, and told me to keep the new one. I dont need nor want it. I tried to ship it back myself, but I'm not going to pay $140.00 to UPS it back to the States (I'm in the Caribbean).So......5 stars ðŸŒŸ it is for ring. Great product and support (subscription, history playback, etc).Battery is holding up well, and alerts are excellent (rarely misses).Only connect chargers approved by them.Shalom.P.S.Who need a  Ring doorbell for Christmas?","Reviewed in the United States on October 26, 2024","DO NOT CONNECT A SOLAR CHARGER!!","5.0 out of 5 stars","","28","Venetian Bronze","1 Doorbell"
"R39CQE0UIY8PMO","Noralee Hoffman","This is my second Ring doorbell; I bought this one for my back door. I have one on my front door and one on my back door; I feel safe and secure. Definitely worth the money! Video quality is good in the day and at night. Battery life is amazing! Seems to be working well! Sound is good! Love! Love! Love!","Reviewed in the United States on December 2, 2024","I absolutely love!","5.0 out of 5 stars","","23","Venetian Bronze","1 Doorbell"
"RPMBPM2R4VODZ","Anne","I have wanted one of these for a while but my (now) ex didn't want any electronics taking over 'normal' things in the house. I ordered this on a black Friday deal, and I couldn't be happier. It charges quickly and easily with a cord in the house. The set up is easy, I followed the app after downloading it. It is simple to use and comes with a month free trial of the monthly fee options. I love this, because I wasn't sure if I wanted it or not.The install was easy. Four screws drilled in to hold it in place. You use a small orange piece of plastic to pop it off to charge it. It has been installed for three days now and the battery percentage is at 99%. This is with us me and my son being home, going outside 4 or 5 times, getting a few deliveries each day (and one at night!). So there will normally be even less times it is set off and use battery life. So far, I'm impressed with the battery. This area sits in full sun from about 2 PM to sunset so I'm very curious if this will affect anything.I will update this review soon, with how long the battery lasts, which ring plan I choose, and if the sun affects it at all. For now, I'm very pleased.","Reviewed in the United States on December 9, 2024","Very cool","5.0 out of 5 stars","","3","Venetian Bronze","1 Doorbell"
"R10IXP8MVIYOHZ","Lori Hawkins","This doorbell has a very long battery life so far.  I have had it over a month and have not even had to charge it yet.  I got it at a great price as well.  I also think the video quality is pretty good.  There are a few negatives though.  I probably wouldnâ€™t have bought it if I had known I would have to pay $50/year just to keep all videos to view later.  And if you donâ€™t get it, it tells you someone was at your door and you are left in suspense to who it was.  I donâ€™t like that at all.  It also doesnâ€™t come with a chime, you have to buy one for $35.  It also drives me a little crazy because it alerts every time me and my husband goes in and out the door but there really is no way around that unless you disarm it and then what is the use anyway.  Overall I like it but think the subscription should be cheaper.  I also hope the battery lasts.  I would love to have gotten the wired one but live in an older brick home without a pre-existing wired bell.  I  donâ€™t know if it would be possible to drill through the brick to wire it.  Overall it is worth the $59 I paid.","Reviewed in the United States on December 4, 2024","Good doorbell","4.0 out of 5 stars","","0","Venetian Bronze","1 Doorbell"
"RSOL7C15CZDOR","T's Home Garage","Came with screws and 1/4"" plastic sleeves, made install on stuccoed block easy. First, temporarily fastened the base plate top left screw into old existing top sleeve of old doorbell button location, then marked and hammer drilled three 1/4"" holes to add the other three sleeves. The clearance cutout in the base plate is notched at the left, for a perfect clear of my existing wires coming out of the block work for the way I wanted to mount it. Super easy if you have your hammer drill and 1/4"" masonry bit already on hand.Also bought the chime, because the old wired bell doesn't sound when you press the button on thr Ring Doorbell, which I was aware of at the time of ordering the Ring Doorbell; Purchased the combo deal.","Reviewed in the United States on December 7, 2024","Easy physical install as replacment of wired doorbell button.","5.0 out of 5 stars","","0","Venetian Bronze","1 Doorbell"
"R39D9MU5VCTVM3","Drew","Iâ€™ve had a few different type of cameras like this, although Iâ€™ve never personally owned a ring finally decided to get my girlfriend a Ring camera for our house. We are absolutely amazed with the product not only do we not have to charge it very often, but it picks up everything very little lag or delay with the camera and with the whole neighborhood keep up on the app. It is very useful highly recommended especially if you love security in your home or just simply want your package to be insured definitely a great option worth the extra money over other products","Reviewed in the United States on December 9, 2024","The surprise","5.0 out of 5 stars","","0","Venetian Bronze","1 Doorbell"
"R1C2LTLZBD5O3K","HL","The all-new Ring Battery Doorbell has significantly improved my home security. The head-to-toe video coverage makes it easy to see visitors and packages, and the two-way talk feature is clear and reliable. Motion detection is accurate, providing timely alerts to my phone.Compared to the older model that required frequent battery replacement, this rechargeable version is much more convenient and has excellent battery life. However, one small drawback is that the camera angle cannot be adjusted, so placement requires careful consideration. Still, each version has its strengths, and overall, Iâ€™m very satisfied with this product. Highly recommended!","Reviewed in the United States on December 5, 2024","Excellent wireless doorbell with great features but one small flaw","5.0 out of 5 stars","","0","Satin Nickel","1 Doorbell"
"R3OBNFSO06ALSI","Kaylee","I am using this particular item as a gift so I have not opened the actual package yet but I highly recommend the Ring brand. You definitely get your moneyâ€™s worth during the Black Friday sales. There is usually no lagging in the videos and the camera quality is typically great quality. Its motion detection is great for even something moving a good distance away from the camera. Great value for your money for your home security system. Keeps you safe and secure in your home without any worry.","Reviewed in the United States on December 3, 2024","Using as a gift so have not opened yet","5.0 out of 5 stars","https://m.media-amazon.com/images/I/61VxTyLZYkL.jpg","2","Venetian Bronze","1 Doorbell"
"R3VF8DJL9CRGCG","Bryan","My original Ring Doorbell (purchased 3/19) died, and this one was pretty affordable so I just ordered it.  Itâ€™s terrific, and the picture is much improved.Iâ€™m taking off a star because, apparently in an effort to make the construction cheaper, they changed the design in a way that will make re-charging a PITA.  On the original, the connections for a wired doorbell were on the wall bracket (along with electronic components), so to take the unit off to charge (Iâ€™ve had to do it about 2x per year) you just popped it off, super easy.On the new unit, the wall bracket is just a piece of plastic (no electronics), and you need to screw the wired doorbell wires directly to the doorbell.  Not a huge deal to set up, but it means that every time I need to take the doorbell off to charge it (the charging port is on the back), Iâ€™ll need to unscrew the wires (and then re-attach them).  This will make the re-charging process a fair bit more cumbersome.That said, I like the doorbell and the ring app is well designed and easy to use.  I just wish they hadnâ€™t designed in a re-charging hassle in an effort to save a bit of $$.","Reviewed in the United States on October 25, 2024","Great Doorbell, but new version much harder to re-charge than original","4.0 out of 5 stars","","277","Venetian Bronze","1 Doorbell"
"R2MI649MHCTFR5","jerzgirl63","very good reception with wifi and clear picture. only drawback is the exposure cant be adjusted so the picture whites out on very sunny areas.  easily wired it to the existing doorbell wires so it trickle charges itself, something they dont tell you in the instructions , you have to look it up on google. Bronze color blends nicely with the door and frame.","Reviewed in the United States on December 5, 2024","works as expected","4.0 out of 5 stars","","0","Venetian Bronze","1 Doorbell"
"R146LO7K5AGU3X","Ashlee","I love this product for a few reasons, I will start with my favorite one. There is a section on the app where people can post different things happening in the neighborhood, let me tell you if you ever need a laugh (especially in election season) watch this section itâ€™s hilarious. It is also extremely useful everyone is engaged and posting when they see lost animals, if they get packages that arenâ€™t thereâ€™s etc. I also love this doorbell because it was easy to set up and easy to connect to my phone. I love that no matter where I am I feel some security on what is happening in my home. Some alarm systems are way out of my budget for the time being so this has been a good alternative to that until I can put in a proper system. It doesnâ€™t do everything but it does what you need it to.","Reviewed in the United States on October 30, 2024","I LOVE this product.","5.0 out of 5 stars","","2","Satin Nickel","1 Doorbell"
"R3240ZOSD2DVSE","Zoe Darr","When I opened it I seen it had some scratches which you can see in the pictures, but it does work how it supposed to. The only thing I donâ€™t like is the free trial it comes with. I had no options to do the trial it just automatically did it on itâ€™s own, so I canâ€™t write a proper review because at the end of the month the trial ends and so does most of the features which is upsetting. Itâ€™s like a tease to subscribe to it which I donâ€™t like because I didnâ€™t have an option. But overall itâ€™s a good security camera.","Reviewed in the United States on November 16, 2024","Itâ€™s alright","4.0 out of 5 stars","https://m.media-amazon.com/images/I/61aKvtMm9BL.jpg
https://m.media-amazon.com/images/I/61ysMBpR4FL.jpg","10","Venetian Bronze","1 Doorbell"
"R1M1VDKGCTNLNY","Pablo Marquez","Super easy to install, the plans are very flexible (different tiers and pay by year or month), the video quality is great, and you can monitor everything from your PC if you want to. These cameras are leagues above the rest. The *only* complaint I have is that the newest generation of stick up cams do not have the ceiling mount and it needs to be purchased separately, but it's a minor grievance all things considered.","Reviewed in the United States on December 1, 2024","The best.","5.0 out of 5 stars","","0","Venetian Bronze","1 Doorbell"
"R1D8MH2A4C1NQZ","Bill Blackton","So happy we got this , I love that I can check for packages from my couch!! I just ask Alexa to show me the front doorâ€¦the view is excellent, I can see from my porch-door area  to the street..and when the sound is onâ€¦I can actually hear my neighbors out frontâ€¦(from far away) i love it!!","Reviewed in the United States on December 7, 2024","Ring, Ring, this door bell is FUN!!!","5.0 out of 5 stars","","0","Venetian Bronze","1 Doorbell"
"R3EF3UCWGXWQRT","Scott Wilson","This inexpensive doorbell is easy to install and charge.  Download the free ring app to a smart phone and follow setup instructions.  You can get video of anything that moves in front of it.  You will be notified on visits to your home no matter where you are.  You can purchase 3 different options to store video to be viewed later.","Reviewed in the United States on December 6, 2024","Well built dorbell with video","5.0 out of 5 stars","","0","Satin Nickel","1 Doorbell"
"R2J7ZCPKGM9WYV","Politically Incorrect","1. you have to mount new hardware2. The instructions say press reset button.But its hidden under a label, not knowing if i should remove, i pressed every where.3. its bs if u lose the ability to login, (OLD) You have to send your photo drivers lic front and back.This ran against EVERY SINGLE rule on the internet4. wait up to 15 days for approval. WHAT ?5.text message to validate, NEVER SENT. Email also never received.","Reviewed in the United States on November 26, 2024","too expensive directions wrong","4.0 out of 5 stars","","0","Satin Nickel","1 Doorbell"
"R3KP84XUADAZTA","Kelly","Bought this one to replace the old version I have. I notice just a little bit of difference , not much . Only changing because my old ones battery itâ€™s not working well.Hopefully this one last .The base is different from the old version  but easy to replace it .","Reviewed in the United States on December 6, 2024","Works","4.0 out of 5 stars","https://m.media-amazon.com/images/I/61nKkR0QZ6L.jpg
https://m.media-amazon.com/images/I/61xJd0AhRCL.jpg
https://m.media-amazon.com/images/I/71hjgLaa3qL.jpg
https://m.media-amazon.com/images/I/71kVkLL43IL.jpg
https://m.media-amazon.com/images/I/813p4O8npSL.jpg","3","Satin Nickel","1 Doorbell"
"R326N4E0KQHYMO","Mia","Living in an apartment complex can be interesting. The best way to feel safe in your environment is to have access to who is at your front door. This product not only provides great fish eye camera but also great camera quality, sensitive microphone, and motion Detection. Would buy again","Reviewed in the United States on December 8, 2024","Easy set up","5.0 out of 5 stars","","0","Venetian Bronze","1 Doorbell"
"R3BD4JIVGB2UQM","Honest Reviewer Zach ","I had the 2020 model it was good but had a few issues. With the 2024 model I was hoping that those issues would be fixed after 4 years. Not quite. There are a lot of connection issues, lag, glitches. Everything else works fine.","Reviewed in the United States on December 10, 2024","Not the perfect product. But still good.","4.0 out of 5 stars","","0","Venetian Bronze","1 Doorbell"
"R3WCSS6CSN3BV","SHARON COHEN","Because of narrow wood around my doorframe, my friend attached to brick mortar, it has made me feel safer and works great to talk to the person at the door whether you are home or not . Just wish I could change the sound the alert makes on my phone , sounds like broken glass.","Reviewed in the United States on December 7, 2024","Just what i needed to feel safer","5.0 out of 5 stars","","0","Satin Nickel","1 Doorbell"
"RB1W9UKFC5KOV","pdaisy","Worth the upgrade so can now see packages left on front porch. Previous versions could only see shoulder height and up. Been happy with Ring products for several years and this one is an improvement. I have ordered the Ring wedge accessory and that will provide even more lower coverage (closer to the bottom of the door).","Reviewed in the United States on December 3, 2024","Improved Line of Vision!","5.0 out of 5 stars","","0","Venetian Bronze","1 Doorbell"
"R11LKCF0J1BJ2E","stephanie","I got this for more of a piece of mind! Its a bonus to have additional features! It will notify of people, or packages! You can set the zones to your needs, and in an apartment, that's great so won't notify ALL the time with any motion. Can link to Alexa, and your phone....and can be virtually checked from anywhere. I did get mine on a black Friday sale, but the value and cost isn't that bad in the first place!","Reviewed in the United States on November 26, 2024","Just tired of missing packages!","5.0 out of 5 stars","","0","Satin Nickel","1 Doorbell"
"R1G21HJUA3SWDF","Russell D. Wright","Love the doorbell. Camera is great and so is the App. Just wish the battery charged faster.28% to full charge probably close to 5 hours to recharge.App shows doorbell is hardwired while it's charging.Wish it showed the percentage of charge as it was charging back up.","Reviewed in the United States on December 1, 2024","Wish the battery charged faster","4.0 out of 5 stars","","0","Venetian Bronze","1 Doorbell"
"REOG0YJGRP7KM","Karen","Mainly I wanted this device to monitor package deliveries and it works fine.  I also use it to monitor traffic coming and going near my apt.  One thing which could use improving, in my opinion, is that the images it captures are blurry, eg, people's faces, etc.","Reviewed in the United States on December 5, 2024","Helps with monitoring package deliveries","4.0 out of 5 stars","","4","Satin Nickel","1 Doorbell"
"R3OS9Y2QW4NHHR","Stephen54","We've had the Ring Doorbell camera for just over a month now. Some things I've learned:Do not expect this to pick up license plates - you can't even read the front plates of our cars parked 10 feet away. There are other home camera packages sold on Amazon that I plan on getting for better home surveillance.This is not a 24 hour recording device. It only starts recording once it picks something up or if you go into live view, and there's a slight lag to it, meaning the deliver guy might be walking away by the time it started recording.You may have to be creative in mounting it. I have siding, so it wouldn't be on a completely flat surface. I cut a piece of pvc board to get full contact.If you don't want to mess with recharging it, wire it into your existing bell wires. The terminal screws are right on the back. I did not realize they were the terminals screws at first, because of how they looked. You don't need to remove any covers to get to them. It will charge very slowly (as designed), but eventually it will get to 100%.You get a 30 day free subscription when you buy this. Ours just ran out, and it was very telling of how this product is designed for you to need the subscription. It is not just that you lose the recording of videos. I could live with that. All day I've been getting tons of motion alerts. It seems to be picking up cars driving down the street that are 30 feet out from the front door. When you are on the free subscription, it has person identification, meaning it isn't alerting you for cars driving by. When you are off the subscription, it alerts you for everything and just says motion alert for it all. I kept adjusting the sensitivity down trying to get it to not pick up cars and it seems like that was doing nothing. So, we caved, and paid for a subscription. As of right now it's $49.99 if you pay for the whole year, for one device. It's almost $10 more if you want to go month to month.It is nice having a camera at the front door, and it's nice to be at work and be able to see the front yard. I know the moment a package is delivered - sometimes you don't know even when you are home. I set up an automated message which starts talking after a few seconds of someone pushing the doorbell. It tells them we aren't home and that they can leave a message. This has worked well for solicitors, as they seem to leave as soon as they hear the message. We no longer have to peak out the window to see who's at the door. It just bothers me that they strip away all the features if you don't get on a subscription plan.","Reviewed in the United States on October 10, 2024","Consider the total cost","3.0 out of 5 stars","https://m.media-amazon.com/images/I/71zsu9-Ge2L.jpg","111","Venetian Bronze","1 Doorbell"
"R2QP6O7S0ODGUG","Coach D","We already have indoor cameras so all it took was to charge the doorbell and connect it to the app.  It has been working just fine.  I will probably charge it once a week until I figure out how long the battery will last.  I would recommend it.","Reviewed in the United States on December 4, 2024","So Easy","5.0 out of 5 stars","","0","Satin Nickel","1 Doorbell"
"R3U2KF02VHU7UA","olivia Buresh","I think the quality is good but it doesnâ€™t catch everything . Example person walks into house yes on camera and when person walks back  out of house right after it doesnâ€™t show it .","Reviewed in the United States on December 9, 2024","Doesnâ€™t catch everything","4.0 out of 5 stars","","0","Satin Nickel","1 Doorbell"
"R3MKRQMVRB1J2D","Woodup1","Should of purchase the one with a security screw in bottom of mount plate. The plate that comes with this one is easy to remove with pocket knife. Also you have to remove camera every time you want to charge it leaving you without a camera.","Reviewed in the United States on December 7, 2024","Ring door camera","4.0 out of 5 stars","","0","Satin Nickel","1 Doorbell"
"R2PAFZ2SOALKBD","Avid book reader","If we werenâ€™t having issues with our ring 4, we would have just kept that one. This doesnâ€™t seem to be much of an upgrade yet. Yes, the field of vision is significantly more than the 4. The night vision seems to be about the same. So far, the biggest problem was mounting it. The mounting bracket holes are not in the same spot as the 4. So we drilled new holes. The mounting bracket has two hooks to hang it on top, then itâ€™s supposed to snap in place on the bottom. It took over two hours to finally get it to snap in place. Terrible design. We installed it on brick, and the bracket has to be perfectly flat for it to snap in properly. We ended up using washers and put a tool under the bottom to get it to finally snap into place. Oh, and the battery is built into the device. Itâ€™s on a trickle charge, so hopefully itâ€™ll only have to be charge when the weather gets cold like the old one. Hopefully we wonâ€™t have to charge it at all, because itâ€™s going to be a pain to take it off and put it back on the bracket.Adding a star for customer service!!! They reached out and helped to resolve this issues, and more!!! I ended up returning this, but in the end I had a great resolution of other issues. Super helpful!!!","Reviewed in the United States on September 7, 2024","Ehâ€¦","4.0 out of 5 stars","","30","Venetian Bronze","1 Doorbell"
"R1NOS9WP3FG3W9","SPEK","Purchased the new model to improve picture quality and sensitivity. This model didn't disappoint.  Easy to set up (less than 5 minutes to link and install).  Glad we upgraded and the Black Friday sale made it even better.","Reviewed in the United States on December 7, 2024","Simple to set up, works great with wide angle picture","5.0 out of 5 stars","","0","Venetian Bronze","1 Doorbell"
"RIXC6Q19SOA36","Jack Rickey","This product helps me monitor everything that goes on in my apartment while I'm at work this product i got on sale for a discount and the price was worth it the battery life is great goes for a long time in between charges it works well and the video quality is clear and sound is great.","Reviewed in the United States on December 2, 2024","Ring Doorbell","5.0 out of 5 stars","","5","Satin Nickel","1 Doorbell"
"R3QQRQOBWF3P0C","Michal","The Ring Battery Doorbell delivers crisp, head-to-toe video that lets you see everyone at your door in full detail. The battery life is impressive, and installation is a breeze with the included tools. You get real-time notifications, so youâ€™re always in the loop, whether you're at home or away. The two-way audio works great, letting you chat with visitors like you're right there. All in all, this doorbell has your home security covered with style and ease!","Reviewed in the United States on December 4, 2024","A Knockout Video Doorbell","5.0 out of 5 stars","","20","Venetian Bronze","1 Doorbell"
"R14NN96YN0VGID","Ellen","Very easy to install and sign up.  I did decide to buy the monthly fee so that I can continue to see video of whoever is at the door.","Reviewed in the United States on December 12, 2024","It works!","5.0 out of 5 stars","","0","Satin Nickel","1 Doorbell"
"R3EPEKOSU0Z2KL","Jim Glass","I never thought we would add external cameras to the house, now I wish we had done it years ago. No longer will people come onto the doorsteps without our knowledge. That's a great feeling.","Reviewed in the United States on December 5, 2024","Ease of setting up","5.0 out of 5 stars","","0","Satin Nickel","1 Doorbell"
"R3EPH0DL8P5NYW","Brian Mahand","I was looking for my item, I didn't think it made her but when I looked at the picture it shown me just what box it was in, thank you.","Reviewed in the United States on December 12, 2024","Don't judge a box by its cover.","5.0 out of 5 stars","","0","Venetian Bronze","1 Doorbell"
"R3D5U1G5IZDOC5","Yayi C","The video quality is good, it does what it was made to do, however, when the battery needs charging, which is quite often, you need to take the whole battery out and charge it like you would a cell phone, so whatever time it takes to charge you are not protected except for whatever is happening inside your home.  Would I buy it again, that would be a no for the reason listed in the review.","Reviewed in the United States on November 8, 2024","Does what is was made to to","4.0 out of 5 stars","","15","Satin Nickel","1 Doorbell"
"R3SUJQ0ULT2Y7Z","BRW","We have been Ring camera people for a long time.  Decided to upgrade to the latest version.  It's a fantastic camera. The only challenge was mounting it on brick. Our brick is fairly smooth but the bottom line is that you can not have ANY bend or deflection of the plastic mounting plate or the camera will not snap into the proper position.  I eventually had to cut a piece of plywood to mount to the wall and then mounted the mounting bracket to it They should probably have metal plate option for uneven surfaces.","Reviewed in the United States on October 28, 2024","Installing on brick is tricky","4.0 out of 5 stars","https://m.media-amazon.com/images/I/81ACf+ljsSL.jpg
https://m.media-amazon.com/images/I/81b3Jn7TYBL.jpg
https://m.media-amazon.com/images/I/81xR951pu-L.jpg","24","Venetian Bronze","1 Doorbell"
"R2DBHFPB1PVBT3","Diane","I'm not good with tech, but this was so easy to set up even a 7 yr old child can do it! The app walks you through a few very simple steps and in less than 10 minutes everything was working!","Reviewed in the United States on December 1, 2024","Easy to set up","5.0 out of 5 stars","","0","Venetian Bronze","1 Doorbell"
"R114JAHCUSNHKI","Kelley J. Gardner","We love our Ring system and purchased this to replace that when we move. Itâ€™s a very secure feeling knowing you can see who is at the door before opening.","Reviewed in the United States on December 4, 2024","Purchase for new home","5.0 out of 5 stars","","0","Venetian Bronze","1 Doorbell"
"RBO4SD05JHXVQ","Kikster","Im really happy with my All new battery Ring doorbell. The doorbell was simple to install & set up. I just downloaded the app phone. I love the convenience of notifications on my cell phone.  I ordered additional cameras for outside & Alexa.","Reviewed in the United States on December 2, 2024","My Ring Battery Doorbell","5.0 out of 5 stars","","0","Satin Nickel","1 Doorbell"
"R2HJKESI231AK4","KA","I havenâ€™t installed it on my side door yet but I have one on my front door and this is the same brand and seems to be the same quality.","Reviewed in the United States on December 3, 2024","Nice Product","5.0 out of 5 stars","","0","Satin Nickel","1 Doorbell"
"R1TSNETTSRHWY2","Riccarda Mescola","I love this and I am out of state often, this way I can see who's coming up to my house and even speak to them...","Reviewed in the United States on December 9, 2024","I love it","5.0 out of 5 stars","","0","Satin Nickel","1 Doorbell"
"RHRB9Y553G0L","Alyssa","I wasnâ€™t sure about what camera to get but this has good image quality and motion, features are more than what I expected it can do. Money is worth it forsure.","Reviewed in the United States on December 4, 2024","Amazing","5.0 out of 5 stars","","0","Satin Nickel","1 Doorbell"
"R3RF5IN9YZ02Y0","Shelia Lightford","I gave it a 4 cause it doesnâ€™t pick up every thing. Could be my internet.","Reviewed in the United States on December 5, 2024","Easy Install","4.0 out of 5 stars","","0","Satin Nickel","1 Doorbell"
"R2Q96UXBFPP2MD","Te'Kerria","I bought this as one of my momâ€™s Christmas gifts and she loves it so much that she wants to gift a couple of family members with Rings as well","Reviewed in the United States on December 8, 2024","Best Gift","5.0 out of 5 stars","","0","Satin Nickel","1 Doorbell"
"RTYV5HFBS2J2D","Kimani","Ever since I got it for my family we have been more secured and we can come home to our deliveries all the time","Reviewed in the United States on December 10, 2024","Secured","5.0 out of 5 stars","","0","Satin Nickel","1 Doorbell"
"R274ZOOJV70B5Y","matias Bustos","It's nice, can set up a motion detector too. I connected it to the echo show in the living room and shows when someone ring. Still can't find the record spot in case of security","Reviewed in the United States on December 1, 2024","Good","4.0 out of 5 stars","","0","Venetian Bronze","1 Doorbell"
"R8J7Y4H3UHM0J","Jenna Ramirez","I just got this item and we love it at our house best purchase ever & plus comes with a rechargeable battery perfect !!","Reviewed in the United States on December 8, 2024","BEST RING DOOR CAMERA","5.0 out of 5 stars","","0","Venetian Bronze","1 Doorbell"
"RV4FXILSZ33TY","Amazon Customer","While device works great, delivery was much to be desired. Delivered at approximately 5:30 AM with signature required.  Great requiring signature but at 5:30 AM on a Sunday?","Reviewed in the United States on November 24, 2024","Ring","4.0 out of 5 stars","","0","Satin Nickel","1 Doorbell"
"R17890JEZ1NS2Y","Maggie","This doorbell works exactly as promised. It arrived promptly and was easy to set up. A good purchase all in all.","Reviewed in the United States on December 10, 2024","Great doorbell","5.0 out of 5 stars","","0","Satin Nickel","1 Doorbell"
"R2QZRXVF4L05LN","karen abshire","It's perfect for what we needed the quality of the camera is excellent and we already caught someone in the camera on our porch. Easily installed","Reviewed in the United States on December 3, 2024","Quality","5.0 out of 5 stars","","0","Satin Nickel","1 Doorbell"
"R10EOGR547C73B","Chuck S.","Purchased this one to replace an existing one that after 4 years stopped communicating with internet. This one like the other was easy to set up. The annual plan had to be canceled vs just transferring the new and old which is an inconvenience. Hopefully this one last 4 years as well to get value.","Reviewed in the United States on November 9, 2024","Easy to set up","4.0 out of 5 stars","","0","Satin Nickel","1 Doorbell"
"R8G93XDHY26H2","Jean L Hodgkins","Day or night I am notified of somebody is near my front door! I like being able to go to the live video and appreciate the neighbor alerts that you get as an added bonus","Reviewed in the United States on December 3, 2024","Easy to use and very effective","5.0 out of 5 stars","","4","Satin Nickel","1 Doorbell"
"RUB8WOFBGW53M","chris b.","Just wish it was harder to remove the doorbell off of where itâ€™s mounted. Anyone could come up and easily steal the doorbell. Other than that love it.","Reviewed in the United States on December 3, 2024","For the money not too bad","5.0 out of 5 stars","","0","Satin Nickel","1 Doorbell"
"R29QXDNW6DNARS","Alex Jacocks","This battery powered Ring was installed on our front door so that we could see who came to the door. It works great!","Reviewed in the United States on December 8, 2024","Easy to installâ€¦and reasonably easy to get online!","5.0 out of 5 stars","","0","Satin Nickel","1 Doorbell"
"R25E6D77SQDHKT","libby","This is my 1st Ring Doorbell, it was super easy to install and set up and I was surprised how much this model actually shows, it's the newest model for 2024 and you can see everything and even zoom in. I love it and the Black Friday price was unbeatable. I would recommend this to anyone.","Reviewed in the United States on November 25, 2024","Easy Install and Wide Range of Sight","5.0 out of 5 stars","","9","Venetian Bronze","1 Doorbell"
"R33MAQ9X42DE5D","bill","After the 90 days of free service it cost $100 a year after that but it's worth it just to have the security.","Reviewed in the United States on December 9, 2024","Awesome","5.0 out of 5 stars","","0","Venetian Bronze","1 Doorbell"
"R2QRNSY1DJ2KII","Michelle","We have held off on getting a ring camera for our door. We finally decided to invest in a ring camera. I am glad we did. It alerts me when someone comes up to my door. I am able to talk to them if I am not home. I am able to see the activity at my door and know when a delivery arrives.","Reviewed in the United States on November 12, 2024","better than I thought","5.0 out of 5 stars","","0","Venetian Bronze","1 Doorbell"
"RN0U2MBS8JK15","Robin Dyson-Graham","Great purchase- video quality is great and I love the idea that I can clearly see what is going on outside my home when the dog is barking!","Reviewed in the United States on November 30, 2024","I love this","5.0 out of 5 stars","","0","Satin Nickel","1 Doorbell"
"RQ0JFB9JDROW4","TP","Bought three of these for my parents. Works like a charm. Battery life lasts for a few weeks before recharge. Easy install and use.","Reviewed in the United States on December 4, 2024","No complaints!","5.0 out of 5 stars","","0","Venetian Bronze","1 Doorbell"
"R1M55QB4S5GKPK","Michael Herrera","I had the kangaroo video doorbell camera, but now that Iâ€™ve purchased ring I'm just kicking myself you know where because thereâ€™s no comparison, itâ€™s much much better than the one had before hands downâ€¦â€¦","Reviewed in the United States on November 30, 2024","A MUST HAVE!!!","5.0 out of 5 stars","","0","Venetian Bronze","1 Doorbell"
"R3QGLO86C1HSV5","BV Cody Dog","This could not be easier to setup, and I absolutely love it.  It connects to my echo which is great.  I did not have a power source to my front door, so having the battery option was just really really great to have.  I am hopeful the batter lasts a good long time, but in any event it seems a very simple matter to charge it.  Ring and Amazon do a great job of making this setup super duper easy.  If you have an echo device you really don't need to buy a chime.  The echo device works perfectly with it and announces if somebody is at the door and you can communicate with them via the device easy, you can also use your phone and the alexa app if you are away.  Its really a greart setup.","Reviewed in the United States on October 31, 2024","Super Easy to Setup!  Love it and love that it has Battery Power","5.0 out of 5 stars","","49","Satin Nickel","1 Doorbell"
"R1ZFHD1UXOSXGG","Amazon Customer","Great to be able to monitor the door from phone and Alexa without having to check in person. Also fun to play around with!!","Reviewed in the United States on December 5, 2024","Love it","5.0 out of 5 stars","","0","Satin Nickel","1 Doorbell"
"R3OYJWYA811PF3","Daisy Nevarez","I was a little resistant in purchasing but once I did I found that it's easy to install and feel safe in my little home.","Reviewed in the United States on December 4, 2024","Worth it","5.0 out of 5 stars","","0","Venetian Bronze","1 Doorbell"
"R2EBNYTR0RDBT9","Liz P.","I got this new Ring Doorbell Cam as an upgrade to my older 2nd gen one. I love it. The battery life is is so much better. The night vision is so much clearer. It has a lot more features than the older version. Itâ€™s durability is better. It gives me a better sense of security and more peace of mind. You have a more view overall as you can see farther and from head to toe. The sound for talking two way, and hearing both ways is clearer as well. I am glad that I upgraded. This one is so much better and I am very pleased.","Reviewed in the United States on November 2, 2024","This upgrade is amazing","5.0 out of 5 stars","","6","Satin Nickel","1 Doorbell"
"R3ROP0MK1APB5F","Dee Cline","Good price, simple to setup and use.For more than just always on, motion detection, and such, you have to subscribe.Id have liked to know that in advance.","Reviewed in the United States on November 29, 2024","keep paying","4.0 out of 5 stars","","2","Satin Nickel","1 Doorbell"
"R1O6Y3RQXYOUPZ","Jim francis","other than the annual fee. The monthly is fair price to keep the videos and ring works better than the other brands I have tryed.","Reviewed in the United States on December 4, 2024","works as it says, came in a timely manner.","5.0 out of 5 stars","","0","Satin Nickel","1 Doorbell"
"RUCUN4GKQVZFN","yolande","The sharp picture quality is worth the upgrade the expanded view and easy set up make it a winner.","Reviewed in the United States on December 7, 2024","Hello Ring","5.0 out of 5 stars","https://m.media-amazon.com/images/I/61GdTLYM5hL.jpg","0","Venetian Bronze","1 Doorbell"
"R2BQ8JQEBFDXH7","Gntlmnking","All Iâ€™m gonna say isâ€¦ it was worth it. Gives me a sense of security and I can talk to the person.","Reviewed in the United States on December 8, 2024","Great!","5.0 out of 5 stars","","0","Venetian Bronze","1 Doorbell"
"R38BEMXDQD79YW","Kaci","My first doorbell cameraWorks really well. Detects everything so far from what i have seen, very pleased with my purchase. App is easy to use too.","Reviewed in the United States on December 1, 2024","It works great right off the bat.","5.0 out of 5 stars","https://m.media-amazon.com/images/I/71TuEzjo21L.jpg","0","Venetian Bronze","1 Doorbell"
"R1BG7KBM78KEC7","joy c.","I was unable to install this myself and had a handyman install it for me.  He did it quickly and explained how it worked.  I am sure if I was more tech savvy, I could have figured it out. (eventually!)","Reviewed in the United States on November 19, 2024","Able to view who is at the door .  I get a text on my phone and can decide whether to answer","5.0 out of 5 stars","","0","Satin Nickel","1 Doorbell"
"R2T56JBAEC6G9Z","pamela poole","This is good for when people come to your door.  You can see them before deciding to open the door.","Reviewed in the United States on December 4, 2024","Great Security","5.0 out of 5 stars","","0","Satin Nickel","1 Doorbell"
"R3KHB2H52IMSLR","DeWayne McDaniels","Ring is totally awesome. It was easy to install, they make down loading and programming easy. Works great.","Reviewed in the United States on December 9, 2024","Ring door bell","5.0 out of 5 stars","","0","Satin Nickel","1 Doorbell"
"R1AU2WV23973DS","Madelyn Ewing","The app is great and has lots of features. It is also pretty easy to mount just about anywhere.","Reviewed in the United States on December 4, 2024","Great!","5.0 out of 5 stars","","0","Satin Nickel","1 Doorbell"
"R3FTZLDQGBG3UV","Tony miles","Great a little lag but works","Reviewed in the United States on December 4, 2024","Works","4.0 out of 5 stars","","0","Satin Nickel","1 Doorbell"
"R3RH4NME510C9Q","Prime Customer ","Very very long battery life with the rechargeable. Donâ€™t be fooled. Easy install just screw the bracket on and clip the ring cam in. Very easy to remove and charge. USB-C. I have mine set to highest sensitivity and highest notification. Itâ€™s been 2-3 weeks so far without charging it. Seems like itâ€™ll go another month. Great quality. And funny greetings when someone rings the bell. Thank you ring!","Reviewed in the United States on November 9, 2024","Amazing","5.0 out of 5 stars","","3","Satin Nickel","1 Doorbell"
"RSM228AHFVE2H","yorciv","I had difficulty connecting to my Wi-Fi (Apple Extreme), but once set up, everything worked well. I signed up for the monthly storage, which is very easy to use. I plan on buying other products, and I would repurchase them.","Reviewed in the United States on November 17, 2024","Works great","5.0 out of 5 stars","","0","Venetian Bronze","1 Doorbell"
"R9PRV1SVJS9Y7","Elizabeth Ansley","It worked fine for 30 days but after that nothing unless you buy a plan and the basic gives you nothing you must buy standard 150 per year or its a piece of ugly junk","Reviewed in the United States on November 17, 2024","You must get a plan otherwise you wonâ€™t get anything after 30 days","4.0 out of 5 stars","","10","Satin Nickel","1 Doorbell"
"RCAY6QPQ024XJ","W. Lang","I am handicapped and getting to the door takes a while for me. Now I can interact with whoever is at my door without having to unhook my oxygen generator from the power supply and get out of my lift chair. My mailman loves it. This device works perfectly as described, was a snap to set up, and is easily configured.","Reviewed in the United States on November 11, 2024","Makes so many things more convenient","5.0 out of 5 stars","","0","Satin Nickel","1 Doorbell"
"RRHEPPAPMGGG9","MsBebeAngella","I do like the photo quality of the Blink better but the blink stopped working after 11 months.","Reviewed in the United States on November 16, 2024","Itâ€™s working","4.0 out of 5 stars","","0","Venetian Bronze","1 Doorbell"
"R3VXXGKDJIAGCN","Cheri ","I have wanted a Ring Doorbell for years, to discourage potential burglars & porch pirates. I also enjoy hearing warnings from neighbors with Ring ( helps us all stay in contact & be safer, including posts for lost pets! )What I donâ€™t like is that ( unknowingly) Ring ropes you into Auto Pay Costs  to keep your security. Iâ€™m not OK with THAT. Thatâ€™s deceiving.","Reviewed in the United States on November 9, 2024","Hidden Agenda","5.0 out of 5 stars","","4","Venetian Bronze","1 Doorbell"
"R2711WV3W15T6D","Wayne Tisdale","Been a great way to catch people who are taking things thatâ€™s not thereâ€™s.","Reviewed in the United States on December 7, 2024","Ring","5.0 out of 5 stars","","0","Venetian Bronze","1 Doorbell"
"R3B88B8R2SL3QD","à²—à³à²°à²¾à²¹à²•","Amazon feedback: 3 starsI had ordered a wired doorbell with chime. It got accidentally returned with another item. Amazon took the note of it, promised to return it as soon as it gets processed in their return center & didnt do anything about it. I waited for a month and later followed up with CS. They were nice enough to send me a replacement, as items that go to their warehouse is like going to blackhole. Anyways, I went to setup & found that my house door bell doesnt have wiring! Again returned. Then I decided to buy this as it runs on battery.Doorbell:Like other Ring products, this door bell comes in nice clean box with all the required accessories. Setting up was a breeze. Charged it up & mounted on given bracket in no time. The door bell allows many customizations wrt motion detection as well as integrate these customizations to the ring security system mode. I dont want to explain much into my home security configuration, but overall the camera gets added to existing system seamlessly. The battery life is something I am curious about as well. I will update the review if that drains too fast. I ended up ordering some more Ring stick on cameras. Lol.","Reviewed in the United States on September 23, 2024","Awesome edition to my Ring system","5.0 out of 5 stars","","15","Satin Nickel","1 Doorbell"
"R1G13ICLBIJ0UQ","Beach Jackie","I have wanted a Ring doorbell for years, and the prices are reduced. I bought one, and my handyman installed it. I'm going to really enjoy having this.","Reviewed in the United States on November 26, 2024","Feel more secure, FINALLY","5.0 out of 5 stars","","0","Satin Nickel","1 Doorbell"
"R8WJT08GK2V0","Keith Dickens","Work perfect for 30 days then quit. Have to pay if you want to continue use. I thought subscription plans were optional. I don't know anyone who pays for a plan to view there videos, but we have to. Kinda sucks","Reviewed in the United States on October 28, 2024","Have to have a subscription plan after 30 days","4.0 out of 5 stars","","3","Venetian Bronze","1 Doorbell"
"RPQ2461YZ8H71","GERARDO SWALL","Works great!!! Very clear field of view and has alreatcome in handy several times. Excellent added SECURITY!!!","Reviewed in the United States on December 3, 2024","A peace of mind","5.0 out of 5 stars","","0","Venetian Bronze","1 Doorbell"
"R28WE8YLEHCNH9","afrodita40","It arrived today and I installed it today, I charged it quickly and installed it at my door, I hope it works well.","Reviewed in the United States on November 30, 2024","It is easy to install","5.0 out of 5 stars","","0","Satin Nickel","1 Doorbell"
"R20IAUBS7DBLM8","Sydney","Installed due to a scare from a neighbor, super simple and had it set up and ready to go within an hour, I charged it all day before installing.","Reviewed in the United States on November 27, 2024","Easy to set up","5.0 out of 5 stars","","0","Venetian Bronze","1 Doorbell"
"RCFUB9A5H27K","Carol S. Dunford","Oh my gosh, this thing is great!  I can see what's happening out front even if I'm out back in a pasture.  Only caveat is that if you're having construction done, your phone will blow up while that's underway.  But still, I can see if one of the guys has shown up and go see if he needs anything.  Our doorbell wiring got ripped out during construction, so we went with the cordless version.  The battery really lasts.  It's been on for a little over 2 weeks, so I pulled it off to charge but there was not really a need.","Reviewed in the United States on October 18, 2024","Shoulda bought this a long time ago.","5.0 out of 5 stars","","0","Satin Nickel","1 Doorbell"
"R3HS1SOPQJ0ZQD","Olgamae Thompson-Lovett","Very easy to install. And it doesn't take up too much space.","Reviewed in the United States on December 11, 2024","The color","5.0 out of 5 stars","https://m.media-amazon.com/images/I/71XwUCQkt9L.jpg","0","Venetian Bronze","1 Doorbell"
"R35W5H6PLBTV2P","Pamela Thomas","I like the idea of having our own security system! Not sure if they are waterproof/weatherproof yet!?","Reviewed in the United States on December 8, 2024","These camera devices are nice, clear, and the pics are nice. The sound is good too! Love them!","5.0 out of 5 stars","","0","Satin Nickel","1 Doorbell"
"R3T37YUXAZT1H4","Amazon Customer","Been debating on buying these for some time now and finally decided to do it.  Love them so far!!","Reviewed in the United States on November 26, 2024","Perfect!!!","5.0 out of 5 stars","","0","Satin Nickel","1 Doorbell"
"RW95NS9TIVW9G","Kenneth J. Pressman","I needed this device due to packages were delivered but they were gone before I could get to them. To the people that drive around, and look for trucks dropping off packages go get a real job were you work 8 hrs or more a day pouch pirates!!","Reviewed in the United States on November 15, 2024","Great product","5.0 out of 5 stars","","0","Venetian Bronze","1 Doorbell"
"R3OI10C4W2U7VK","Tim","Nothing more than I can say.  No problems and easy to set up.","Reviewed in the United States on December 8, 2024","Love it","5.0 out of 5 stars","","0","Satin Nickel","1 Doorbell"